{
    "train_mse": {
        "means": {
            "1": 0.002359506857518708,
            "2": 0.00324539038202651,
            "3": 0.0022956756087506723,
            "4": 0.003064766502840113,
            "5": 0.003087360635214537,
            "6": 0.0020133893108184166,
            "7": 0.0030793273482753866,
            "8": 0.0019016208033585849,
            "9": 0.0016557074558592381,
            "10": 0.0023690230996703744,
            "11": 0.001535187662910282,
            "12": 0.0027611270964637397
        },
        "stds": {
            "1": 0.0023472888815137052,
            "2": 0.003111697687909958,
            "3": 0.0018717370429460862,
            "4": 0.011229554217960484,
            "5": 0.0028516484891064962,
            "6": 0.0020922503982039797,
            "7": 0.0024294689591938838,
            "8": 0.0016403792757398894,
            "9": 0.0011879498546937066,
            "10": 0.002618254274304095,
            "11": 0.0012646692655320345,
            "12": 0.004834237166854204
        }
    },
    "test_mse": {
        "means": {
            "1": 0.002385358739401473,
            "2": 0.003243775414723228,
            "3": 0.0022733638887874534,
            "4": 0.002907335463063347,
            "5": 0.003235739954212437,
            "6": 0.0022440057402770665,
            "7": 0.0031474148180350233,
            "8": 0.0020170314654936973,
            "9": 0.001705153637240773,
            "10": 0.0024450349002789937,
            "11": 0.001586843795909594,
            "12": 0.002765318207541659
        },
        "stds": {
            "1": 0.0027206733598286966,
            "2": 0.0028938631827621895,
            "3": 0.0017393018254350703,
            "4": 0.002625435935669634,
            "5": 0.0027706222534263423,
            "6": 0.0024656584883687802,
            "7": 0.0024554574273790448,
            "8": 0.002034676633327754,
            "9": 0.0013177100234975493,
            "10": 0.0033307539966136437,
            "11": 0.0012521432234438106,
            "12": 0.003973671393823923
        }
    },
    "final_train_loss": {
        "1": 0.014265880919992924,
        "2": 0.016993744298815727,
        "3": 0.01276374887675047,
        "4": 0.01609579287469387,
        "5": 0.014809426851570606,
        "6": 0.01274430938065052,
        "7": 0.015130444429814816,
        "8": 0.013161851093173027,
        "9": 0.01295034121721983,
        "10": 0.012903095223009586,
        "11": 0.012432300485670567,
        "12": 0.015987040475010872
    },
    "final_val_loss": {
        "1": 0.007507446222007275,
        "2": 0.008964817970991135,
        "3": 0.006964332424104214,
        "4": 0.008080651052296162,
        "5": 0.008228352293372154,
        "6": 0.007051704917103052,
        "7": 0.007813919335603714,
        "8": 0.006661244668066502,
        "9": 0.006273225415498018,
        "10": 0.007032634224742651,
        "11": 0.006682105362415314,
        "12": 0.008061842061579227
    }
}